{
    "edges": [
        {
            "source": 15,
            "target": 11
        },
        {
            "source": 14,
            "target": 10
        },
        {
            "source": 8,
            "target": 11
        },
        {
            "source": 7,
            "target": 3
        },
        {
            "source": 9,
            "target": 5
        },
        {
            "source": 1,
            "target": 14
        },
        {
            "source": 8,
            "target": 10
        },
        {
            "source": 13,
            "target": 9
        },
        {
            "source": 4,
            "target": 3
        },
        {
            "source": 8,
            "target": 0
        },
        {
            "source": 13,
            "target": 10
        },
        {
            "source": 12,
            "target": 6
        },
        {
            "source": 8,
            "target": 1
        },
        {
            "source": 15,
            "target": 14
        },
        {
            "source": 3,
            "target": 6
        },
        {
            "source": 7,
            "target": 4
        },
        {
            "source": 3,
            "target": 14
        },
        {
            "source": 6,
            "target": 1
        },
        {
            "source": 13,
            "target": 2
        },
        {
            "source": 0,
            "target": 9
        },
        {
            "source": 0,
            "target": 10
        },
        {
            "source": 11,
            "target": 3
        },
        {
            "source": 14,
            "target": 0
        },
        {
            "source": 6,
            "target": 14
        },
        {
            "source": 12,
            "target": 4
        },
        {
            "source": 10,
            "target": 9
        },
        {
            "source": 2,
            "target": 0
        },
        {
            "source": 12,
            "target": 3
        },
        {
            "source": 13,
            "target": 0
        },
        {
            "source": 2,
            "target": 15
        },
        {
            "source": 7,
            "target": 12
        },
        {
            "source": 8,
            "target": 7
        },
        {
            "source": 8,
            "target": 5
        },
        {
            "source": 1,
            "target": 10
        },
        {
            "source": 8,
            "target": 4
        },
        {
            "source": 11,
            "target": 7
        },
        {
            "source": 15,
            "target": 8
        },
        {
            "source": 10,
            "target": 5
        },
        {
            "source": 4,
            "target": 6
        },
        {
            "source": 8,
            "target": 6
        },
        {
            "source": 15,
            "target": 3
        },
        {
            "source": 2,
            "target": 14
        }
    ],
    "nodes": [
        {
            "id": 0,
            "x": 0,
            "y": 0
        },
        {
            "id": 1,
            "x": 0,
            "y": 0
        },
        {
            "id": 2,
            "x": 0,
            "y": 0
        },
        {
            "id": 3,
            "x": 0,
            "y": 0
        },
        {
            "id": 4,
            "x": 0,
            "y": 0
        },
        {
            "id": 5,
            "x": 0,
            "y": 0
        },
        {
            "id": 6,
            "x": 0,
            "y": 0
        },
        {
            "id": 7,
            "x": 0,
            "y": 0
        },
        {
            "id": 8,
            "x": 0,
            "y": 0
        },
        {
            "id": 9,
            "x": 0,
            "y": 0
        },
        {
            "id": 10,
            "x": 0,
            "y": 0
        },
        {
            "id": 11,
            "x": 0,
            "y": 0
        },
        {
            "id": 12,
            "x": 0,
            "y": 0
        },
        {
            "id": 13,
            "x": 0,
            "y": 0
        },
        {
            "id": 14,
            "x": 0,
            "y": 0
        },
        {
            "id": 15,
            "x": 0,
            "y": 0
        }
    ],
    "points": [
        {
            "id": 0,
            "x": 0,
            "y": 14
        },
        {
            "id": 1,
            "x": 6,
            "y": 12
        },
        {
            "id": 2,
            "x": 2,
            "y": 2
        },
        {
            "id": 3,
            "x": 1,
            "y": 10
        },
        {
            "id": 4,
            "x": 0,
            "y": 9
        },
        {
            "id": 5,
            "x": 5,
            "y": 17
        },
        {
            "id": 6,
            "x": 10,
            "y": 11
        },
        {
            "id": 7,
            "x": 19,
            "y": 7
        },
        {
            "id": 8,
            "x": 12,
            "y": 4
        },
        {
            "id": 9,
            "x": 7,
            "y": 16
        },
        {
            "id": 10,
            "x": 5,
            "y": 15
        },
        {
            "id": 11,
            "x": 0,
            "y": 6
        },
        {
            "id": 12,
            "x": 20,
            "y": 8
        },
        {
            "id": 13,
            "x": 11,
            "y": 1
        },
        {
            "id": 14,
            "x": 20,
            "y": 13
        },
        {
            "id": 15,
            "x": 19,
            "y": 3
        },
        {
            "id": 16,
            "x": 4,
            "y": 5
        },
        {
            "id": 17,
            "x": 2,
            "y": 8
        },
        {
            "id": 18,
            "x": 13,
            "y": 13
        },
        {
            "id": 19,
            "x": 15,
            "y": 7
        },
        {
            "id": 20,
            "x": 19,
            "y": 2
        },
        {
            "id": 21,
            "x": 14,
            "y": 2
        },
        {
            "id": 22,
            "x": 13,
            "y": 17
        },
        {
            "id": 23,
            "x": 4,
            "y": 16
        },
        {
            "id": 24,
            "x": 5,
            "y": 3
        },
        {
            "id": 25,
            "x": 0,
            "y": 13
        },
        {
            "id": 26,
            "x": 18,
            "y": 14
        },
        {
            "id": 27,
            "x": 12,
            "y": 14
        },
        {
            "id": 28,
            "x": 2,
            "y": 14
        },
        {
            "id": 29,
            "x": 13,
            "y": 4
        },
        {
            "id": 30,
            "x": 5,
            "y": 5
        },
        {
            "id": 31,
            "x": 4,
            "y": 8
        },
        {
            "id": 32,
            "x": 14,
            "y": 12
        },
        {
            "id": 33,
            "x": 8,
            "y": 0
        },
        {
            "id": 34,
            "x": 18,
            "y": 13
        },
        {
            "id": 35,
            "x": 14,
            "y": 8
        },
        {
            "id": 36,
            "x": 12,
            "y": 3
        },
        {
            "id": 37,
            "x": 13,
            "y": 2
        },
        {
            "id": 38,
            "x": 17,
            "y": 9
        },
        {
            "id": 39,
            "x": 11,
            "y": 16
        },
        {
            "id": 40,
            "x": 10,
            "y": 17
        },
        {
            "id": 41,
            "x": 8,
            "y": 14
        },
        {
            "id": 42,
            "x": 15,
            "y": 0
        },
        {
            "id": 43,
            "x": 3,
            "y": 14
        },
        {
            "id": 44,
            "x": 13,
            "y": 15
        },
        {
            "id": 45,
            "x": 20,
            "y": 16
        },
        {
            "id": 46,
            "x": 14,
            "y": 4
        },
        {
            "id": 47,
            "x": 13,
            "y": 16
        }
    ]
}
