{
    "edges": [
        {
            "source": 0,
            "target": 1
        },
        {
            "source": 2,
            "target": 0
        },
        {
            "source": 1,
            "target": 3
        },
        {
            "source": 2,
            "target": 3
        },
        {
            "source": 0,
            "target": 3
        },
        {
            "source": 4,
            "target": 2
        },
        {
            "source": 3,
            "target": 5
        },
        {
            "source": 4,
            "target": 5
        },
        {
            "source": 2,
            "target": 5
        },
        {
            "source": 4,
            "target": 3
        },
        {
            "source": 6,
            "target": 4
        },
        {
            "source": 5,
            "target": 7
        },
        {
            "source": 6,
            "target": 7
        },
        {
            "source": 4,
            "target": 7
        },
        {
            "source": 6,
            "target": 5
        },
        {
            "source": 8,
            "target": 6
        },
        {
            "source": 7,
            "target": 9
        },
        {
            "source": 8,
            "target": 9
        },
        {
            "source": 6,
            "target": 9
        },
        {
            "source": 8,
            "target": 7
        },
        {
            "source": 9,
            "target": 11
        },
        {
            "source": 10,
            "target": 11
        },
        {
            "source": 8,
            "target": 11
        },
        {
            "source": 10,
            "target": 9
        },
        {
            "source": 12,
            "target": 10
        },
        {
            "source": 11,
            "target": 13
        },
        {
            "source": 12,
            "target": 13
        },
        {
            "source": 10,
            "target": 13
        },
        {
            "source": 12,
            "target": 11
        },
        {
            "source": 14,
            "target": 15
        },
        {
            "source": 12,
            "target": 15
        },
        {
            "source": 14,
            "target": 13
        },
        {
            "source": 16,
            "target": 14
        },
        {
            "source": 15,
            "target": 17
        },
        {
            "source": 16,
            "target": 17
        },
        {
            "source": 16,
            "target": 15
        },
        {
            "source": 18,
            "target": 16
        },
        {
            "source": 18,
            "target": 19
        },
        {
            "source": 20,
            "target": 18
        },
        {
            "source": 20,
            "target": 19
        },
        {
            "source": 22,
            "target": 20
        },
        {
            "source": 21,
            "target": 23
        },
        {
            "source": 22,
            "target": 23
        },
        {
            "source": 20,
            "target": 23
        },
        {
            "source": 22,
            "target": 21
        },
        {
            "source": 24,
            "target": 22
        },
        {
            "source": 24,
            "target": 25
        },
        {
            "source": 22,
            "target": 25
        },
        {
            "source": 24,
            "target": 23
        },
        {
            "source": 26,
            "target": 24
        },
        {
            "source": 25,
            "target": 27
        },
        {
            "source": 26,
            "target": 27
        },
        {
            "source": 24,
            "target": 27
        },
        {
            "source": 26,
            "target": 25
        },
        {
            "source": 28,
            "target": 26
        },
        {
            "source": 27,
            "target": 29
        },
        {
            "source": 29,
            "target": 31
        },
        {
            "source": 30,
            "target": 31
        },
        {
            "source": 30,
            "target": 29
        },
        {
            "source": 32,
            "target": 30
        },
        {
            "source": 31,
            "target": 33
        },
        {
            "source": 30,
            "target": 33
        },
        {
            "source": 32,
            "target": 31
        },
        {
            "source": 34,
            "target": 32
        },
        {
            "source": 33,
            "target": 35
        },
        {
            "source": 34,
            "target": 35
        },
        {
            "source": 32,
            "target": 35
        },
        {
            "source": 36,
            "target": 34
        },
        {
            "source": 34,
            "target": 37
        },
        {
            "source": 36,
            "target": 35
        },
        {
            "source": 38,
            "target": 36
        },
        {
            "source": 37,
            "target": 39
        },
        {
            "source": 38,
            "target": 39
        },
        {
            "source": 36,
            "target": 39
        },
        {
            "source": 40,
            "target": 38
        },
        {
            "source": 39,
            "target": 41
        },
        {
            "source": 40,
            "target": 41
        },
        {
            "source": 38,
            "target": 41
        },
        {
            "source": 40,
            "target": 39
        },
        {
            "source": 42,
            "target": 43
        },
        {
            "source": 40,
            "target": 43
        },
        {
            "source": 42,
            "target": 41
        },
        {
            "source": 43,
            "target": 45
        },
        {
            "source": 44,
            "target": 45
        },
        {
            "source": 42,
            "target": 45
        },
        {
            "source": 44,
            "target": 43
        },
        {
            "source": 46,
            "target": 44
        },
        {
            "source": 45,
            "target": 47
        },
        {
            "source": 46,
            "target": 47
        },
        {
            "source": 44,
            "target": 47
        },
        {
            "source": 46,
            "target": 45
        },
        {
            "source": 48,
            "target": 49
        },
        {
            "source": 48,
            "target": 47
        },
        {
            "source": 50,
            "target": 48
        },
        {
            "source": 50,
            "target": 51
        },
        {
            "source": 48,
            "target": 51
        },
        {
            "source": 50,
            "target": 49
        },
        {
            "source": 52,
            "target": 50
        },
        {
            "source": 51,
            "target": 53
        },
        {
            "source": 50,
            "target": 53
        },
        {
            "source": 52,
            "target": 51
        },
        {
            "source": 54,
            "target": 52
        },
        {
            "source": 54,
            "target": 55
        },
        {
            "source": 52,
            "target": 55
        },
        {
            "source": 56,
            "target": 54
        },
        {
            "source": 55,
            "target": 57
        },
        {
            "source": 54,
            "target": 57
        },
        {
            "source": 58,
            "target": 56
        },
        {
            "source": 58,
            "target": 59
        },
        {
            "source": 60,
            "target": 58
        },
        {
            "source": 59,
            "target": 61
        },
        {
            "source": 58,
            "target": 61
        },
        {
            "source": 60,
            "target": 59
        },
        {
            "source": 62,
            "target": 60
        },
        {
            "source": 62,
            "target": 63
        },
        {
            "source": 62,
            "target": 61
        },
        {
            "source": 64,
            "target": 62
        },
        {
            "source": 63,
            "target": 65
        },
        {
            "source": 64,
            "target": 63
        },
        {
            "source": 66,
            "target": 64
        },
        {
            "source": 65,
            "target": 67
        },
        {
            "source": 64,
            "target": 67
        },
        {
            "source": 66,
            "target": 65
        },
        {
            "source": 68,
            "target": 66
        },
        {
            "source": 67,
            "target": 69
        },
        {
            "source": 68,
            "target": 67
        },
        {
            "source": 70,
            "target": 68
        },
        {
            "source": 69,
            "target": 71
        },
        {
            "source": 70,
            "target": 71
        },
        {
            "source": 68,
            "target": 71
        },
        {
            "source": 70,
            "target": 69
        },
        {
            "source": 72,
            "target": 70
        },
        {
            "source": 71,
            "target": 73
        },
        {
            "source": 72,
            "target": 73
        },
        {
            "source": 70,
            "target": 73
        },
        {
            "source": 74,
            "target": 72
        },
        {
            "source": 73,
            "target": 75
        },
        {
            "source": 74,
            "target": 75
        },
        {
            "source": 72,
            "target": 75
        },
        {
            "source": 75,
            "target": 77
        },
        {
            "source": 76,
            "target": 77
        },
        {
            "source": 74,
            "target": 77
        },
        {
            "source": 76,
            "target": 75
        },
        {
            "source": 78,
            "target": 76
        },
        {
            "source": 78,
            "target": 77
        },
        {
            "source": 80,
            "target": 78
        },
        {
            "source": 79,
            "target": 81
        },
        {
            "source": 78,
            "target": 81
        },
        {
            "source": 81,
            "target": 83
        },
        {
            "source": 82,
            "target": 83
        },
        {
            "source": 80,
            "target": 83
        },
        {
            "source": 82,
            "target": 81
        },
        {
            "source": 84,
            "target": 82
        },
        {
            "source": 83,
            "target": 85
        },
        {
            "source": 84,
            "target": 85
        },
        {
            "source": 82,
            "target": 85
        },
        {
            "source": 84,
            "target": 83
        },
        {
            "source": 86,
            "target": 84
        },
        {
            "source": 86,
            "target": 87
        },
        {
            "source": 84,
            "target": 87
        },
        {
            "source": 86,
            "target": 85
        },
        {
            "source": 88,
            "target": 86
        },
        {
            "source": 87,
            "target": 89
        },
        {
            "source": 88,
            "target": 89
        },
        {
            "source": 86,
            "target": 89
        },
        {
            "source": 90,
            "target": 88
        },
        {
            "source": 89,
            "target": 91
        },
        {
            "source": 90,
            "target": 91
        },
        {
            "source": 88,
            "target": 91
        },
        {
            "source": 90,
            "target": 89
        },
        {
            "source": 92,
            "target": 90
        },
        {
            "source": 91,
            "target": 93
        },
        {
            "source": 90,
            "target": 93
        },
        {
            "source": 94,
            "target": 92
        },
        {
            "source": 93,
            "target": 95
        },
        {
            "source": 94,
            "target": 95
        },
        {
            "source": 94,
            "target": 93
        },
        {
            "source": 96,
            "target": 97
        },
        {
            "source": 94,
            "target": 97
        },
        {
            "source": 96,
            "target": 95
        },
        {
            "source": 98,
            "target": 96
        },
        {
            "source": 97,
            "target": 99
        },
        {
            "source": 98,
            "target": 99
        },
        {
            "source": 96,
            "target": 99
        },
        {
            "source": 98,
            "target": 97
        },
        {
            "source": 100,
            "target": 98
        },
        {
            "source": 100,
            "target": 101
        },
        {
            "source": 100,
            "target": 99
        },
        {
            "source": 102,
            "target": 100
        },
        {
            "source": 101,
            "target": 103
        },
        {
            "source": 102,
            "target": 103
        },
        {
            "source": 100,
            "target": 103
        },
        {
            "source": 102,
            "target": 101
        },
        {
            "source": 103,
            "target": 105
        },
        {
            "source": 104,
            "target": 105
        },
        {
            "source": 102,
            "target": 105
        },
        {
            "source": 104,
            "target": 103
        },
        {
            "source": 105,
            "target": 107
        },
        {
            "source": 106,
            "target": 107
        },
        {
            "source": 104,
            "target": 107
        },
        {
            "source": 106,
            "target": 109
        },
        {
            "source": 108,
            "target": 107
        },
        {
            "source": 110,
            "target": 108
        },
        {
            "source": 109,
            "target": 111
        },
        {
            "source": 108,
            "target": 111
        },
        {
            "source": 114,
            "target": 112
        },
        {
            "source": 113,
            "target": 115
        },
        {
            "source": 114,
            "target": 115
        },
        {
            "source": 112,
            "target": 115
        },
        {
            "source": 114,
            "target": 113
        },
        {
            "source": 116,
            "target": 114
        },
        {
            "source": 115,
            "target": 117
        },
        {
            "source": 114,
            "target": 117
        },
        {
            "source": 118,
            "target": 116
        },
        {
            "source": 117,
            "target": 119
        },
        {
            "source": 118,
            "target": 119
        },
        {
            "source": 116,
            "target": 119
        },
        {
            "source": 120,
            "target": 118
        },
        {
            "source": 119,
            "target": 121
        },
        {
            "source": 118,
            "target": 121
        },
        {
            "source": 120,
            "target": 119
        },
        {
            "source": 121,
            "target": 123
        },
        {
            "source": 122,
            "target": 123
        },
        {
            "source": 120,
            "target": 123
        },
        {
            "source": 122,
            "target": 121
        },
        {
            "source": 124,
            "target": 122
        },
        {
            "source": 124,
            "target": 125
        },
        {
            "source": 124,
            "target": 123
        },
        {
            "source": 126,
            "target": 124
        },
        {
            "source": 125,
            "target": 127
        },
        {
            "source": 126,
            "target": 127
        },
        {
            "source": 124,
            "target": 127
        },
        {
            "source": 126,
            "target": 125
        },
        {
            "source": 128,
            "target": 126
        },
        {
            "source": 127,
            "target": 129
        },
        {
            "source": 128,
            "target": 129
        },
        {
            "source": 126,
            "target": 129
        },
        {
            "source": 128,
            "target": 127
        },
        {
            "source": 130,
            "target": 128
        },
        {
            "source": 129,
            "target": 131
        },
        {
            "source": 130,
            "target": 131
        },
        {
            "source": 128,
            "target": 131
        },
        {
            "source": 130,
            "target": 129
        },
        {
            "source": 132,
            "target": 130
        },
        {
            "source": 130,
            "target": 133
        },
        {
            "source": 132,
            "target": 131
        },
        {
            "source": 134,
            "target": 132
        },
        {
            "source": 133,
            "target": 135
        },
        {
            "source": 134,
            "target": 135
        },
        {
            "source": 132,
            "target": 135
        },
        {
            "source": 134,
            "target": 133
        },
        {
            "source": 136,
            "target": 134
        },
        {
            "source": 135,
            "target": 137
        },
        {
            "source": 136,
            "target": 137
        },
        {
            "source": 134,
            "target": 137
        },
        {
            "source": 138,
            "target": 136
        },
        {
            "source": 137,
            "target": 139
        },
        {
            "source": 138,
            "target": 139
        },
        {
            "source": 138,
            "target": 137
        },
        {
            "source": 140,
            "target": 141
        },
        {
            "source": 138,
            "target": 141
        },
        {
            "source": 140,
            "target": 139
        },
        {
            "source": 142,
            "target": 140
        },
        {
            "source": 142,
            "target": 143
        },
        {
            "source": 140,
            "target": 143
        },
        {
            "source": 142,
            "target": 141
        },
        {
            "source": 143,
            "target": 145
        },
        {
            "source": 144,
            "target": 145
        },
        {
            "source": 144,
            "target": 143
        },
        {
            "source": 146,
            "target": 144
        },
        {
            "source": 145,
            "target": 147
        },
        {
            "source": 146,
            "target": 147
        },
        {
            "source": 144,
            "target": 147
        },
        {
            "source": 148,
            "target": 146
        },
        {
            "source": 148,
            "target": 149
        },
        {
            "source": 146,
            "target": 149
        },
        {
            "source": 148,
            "target": 147
        },
        {
            "source": 149,
            "target": 151
        },
        {
            "source": 150,
            "target": 151
        },
        {
            "source": 148,
            "target": 151
        },
        {
            "source": 150,
            "target": 149
        },
        {
            "source": 152,
            "target": 150
        },
        {
            "source": 151,
            "target": 153
        },
        {
            "source": 152,
            "target": 153
        },
        {
            "source": 152,
            "target": 151
        },
        {
            "source": 154,
            "target": 152
        },
        {
            "source": 153,
            "target": 155
        },
        {
            "source": 154,
            "target": 155
        },
        {
            "source": 152,
            "target": 155
        },
        {
            "source": 154,
            "target": 153
        },
        {
            "source": 156,
            "target": 154
        },
        {
            "source": 155,
            "target": 157
        },
        {
            "source": 156,
            "target": 157
        },
        {
            "source": 154,
            "target": 157
        },
        {
            "source": 156,
            "target": 155
        },
        {
            "source": 158,
            "target": 156
        },
        {
            "source": 157,
            "target": 159
        },
        {
            "source": 158,
            "target": 159
        },
        {
            "source": 156,
            "target": 159
        },
        {
            "source": 160,
            "target": 158
        },
        {
            "source": 159,
            "target": 161
        },
        {
            "source": 160,
            "target": 161
        },
        {
            "source": 158,
            "target": 161
        },
        {
            "source": 160,
            "target": 159
        },
        {
            "source": 162,
            "target": 160
        },
        {
            "source": 161,
            "target": 163
        },
        {
            "source": 162,
            "target": 163
        },
        {
            "source": 164,
            "target": 162
        },
        {
            "source": 164,
            "target": 165
        },
        {
            "source": 162,
            "target": 165
        },
        {
            "source": 164,
            "target": 163
        },
        {
            "source": 166,
            "target": 164
        },
        {
            "source": 165,
            "target": 167
        },
        {
            "source": 164,
            "target": 167
        },
        {
            "source": 166,
            "target": 165
        },
        {
            "source": 168,
            "target": 166
        },
        {
            "source": 167,
            "target": 169
        },
        {
            "source": 168,
            "target": 169
        },
        {
            "source": 168,
            "target": 167
        },
        {
            "source": 170,
            "target": 171
        },
        {
            "source": 168,
            "target": 171
        },
        {
            "source": 170,
            "target": 169
        },
        {
            "source": 172,
            "target": 170
        },
        {
            "source": 171,
            "target": 173
        },
        {
            "source": 170,
            "target": 173
        },
        {
            "source": 172,
            "target": 171
        },
        {
            "source": 174,
            "target": 172
        },
        {
            "source": 173,
            "target": 175
        },
        {
            "source": 174,
            "target": 175
        },
        {
            "source": 172,
            "target": 175
        },
        {
            "source": 174,
            "target": 173
        },
        {
            "source": 176,
            "target": 174
        },
        {
            "source": 175,
            "target": 177
        },
        {
            "source": 176,
            "target": 177
        },
        {
            "source": 174,
            "target": 177
        },
        {
            "source": 176,
            "target": 175
        },
        {
            "source": 178,
            "target": 176
        },
        {
            "source": 177,
            "target": 179
        },
        {
            "source": 176,
            "target": 179
        },
        {
            "source": 180,
            "target": 178
        },
        {
            "source": 179,
            "target": 181
        },
        {
            "source": 178,
            "target": 181
        },
        {
            "source": 182,
            "target": 180
        },
        {
            "source": 181,
            "target": 183
        },
        {
            "source": 182,
            "target": 183
        },
        {
            "source": 180,
            "target": 183
        },
        {
            "source": 182,
            "target": 181
        },
        {
            "source": 184,
            "target": 182
        },
        {
            "source": 184,
            "target": 185
        },
        {
            "source": 185,
            "target": 187
        },
        {
            "source": 186,
            "target": 187
        },
        {
            "source": 184,
            "target": 187
        },
        {
            "source": 186,
            "target": 185
        },
        {
            "source": 188,
            "target": 186
        },
        {
            "source": 187,
            "target": 189
        },
        {
            "source": 188,
            "target": 189
        },
        {
            "source": 186,
            "target": 189
        },
        {
            "source": 188,
            "target": 187
        },
        {
            "source": 190,
            "target": 188
        },
        {
            "source": 189,
            "target": 191
        },
        {
            "source": 190,
            "target": 191
        },
        {
            "source": 188,
            "target": 191
        },
        {
            "source": 190,
            "target": 189
        },
        {
            "source": 192,
            "target": 190
        },
        {
            "source": 191,
            "target": 193
        },
        {
            "source": 192,
            "target": 193
        },
        {
            "source": 190,
            "target": 193
        },
        {
            "source": 192,
            "target": 191
        },
        {
            "source": 194,
            "target": 192
        },
        {
            "source": 193,
            "target": 195
        },
        {
            "source": 194,
            "target": 195
        },
        {
            "source": 194,
            "target": 193
        },
        {
            "source": 196,
            "target": 194
        },
        {
            "source": 195,
            "target": 197
        },
        {
            "source": 196,
            "target": 197
        },
        {
            "source": 194,
            "target": 197
        },
        {
            "source": 196,
            "target": 195
        },
        {
            "source": 198,
            "target": 196
        },
        {
            "source": 197,
            "target": 199
        },
        {
            "source": 198,
            "target": 199
        },
        {
            "source": 198,
            "target": 197
        }
    ],
    "nodes": [
        {
            "id": 0,
            "x": 0,
            "y": 0
        },
        {
            "id": 1,
            "x": 0,
            "y": 0
        },
        {
            "id": 2,
            "x": 0,
            "y": 0
        },
        {
            "id": 3,
            "x": 0,
            "y": 0
        },
        {
            "id": 4,
            "x": 0,
            "y": 0
        },
        {
            "id": 5,
            "x": 0,
            "y": 0
        },
        {
            "id": 6,
            "x": 0,
            "y": 0
        },
        {
            "id": 7,
            "x": 0,
            "y": 0
        },
        {
            "id": 8,
            "x": 0,
            "y": 0
        },
        {
            "id": 9,
            "x": 0,
            "y": 0
        },
        {
            "id": 10,
            "x": 0,
            "y": 0
        },
        {
            "id": 11,
            "x": 0,
            "y": 0
        },
        {
            "id": 12,
            "x": 0,
            "y": 0
        },
        {
            "id": 13,
            "x": 0,
            "y": 0
        },
        {
            "id": 14,
            "x": 0,
            "y": 0
        },
        {
            "id": 15,
            "x": 0,
            "y": 0
        },
        {
            "id": 16,
            "x": 0,
            "y": 0
        },
        {
            "id": 17,
            "x": 0,
            "y": 0
        },
        {
            "id": 18,
            "x": 0,
            "y": 0
        },
        {
            "id": 19,
            "x": 0,
            "y": 0
        },
        {
            "id": 20,
            "x": 0,
            "y": 0
        },
        {
            "id": 21,
            "x": 0,
            "y": 0
        },
        {
            "id": 22,
            "x": 0,
            "y": 0
        },
        {
            "id": 23,
            "x": 0,
            "y": 0
        },
        {
            "id": 24,
            "x": 0,
            "y": 0
        },
        {
            "id": 25,
            "x": 0,
            "y": 0
        },
        {
            "id": 26,
            "x": 0,
            "y": 0
        },
        {
            "id": 27,
            "x": 0,
            "y": 0
        },
        {
            "id": 28,
            "x": 0,
            "y": 0
        },
        {
            "id": 29,
            "x": 0,
            "y": 0
        },
        {
            "id": 30,
            "x": 0,
            "y": 0
        },
        {
            "id": 31,
            "x": 0,
            "y": 0
        },
        {
            "id": 32,
            "x": 0,
            "y": 0
        },
        {
            "id": 33,
            "x": 0,
            "y": 0
        },
        {
            "id": 34,
            "x": 0,
            "y": 0
        },
        {
            "id": 35,
            "x": 0,
            "y": 0
        },
        {
            "id": 36,
            "x": 0,
            "y": 0
        },
        {
            "id": 37,
            "x": 0,
            "y": 0
        },
        {
            "id": 38,
            "x": 0,
            "y": 0
        },
        {
            "id": 39,
            "x": 0,
            "y": 0
        },
        {
            "id": 40,
            "x": 0,
            "y": 0
        },
        {
            "id": 41,
            "x": 0,
            "y": 0
        },
        {
            "id": 42,
            "x": 0,
            "y": 0
        },
        {
            "id": 43,
            "x": 0,
            "y": 0
        },
        {
            "id": 44,
            "x": 0,
            "y": 0
        },
        {
            "id": 45,
            "x": 0,
            "y": 0
        },
        {
            "id": 46,
            "x": 0,
            "y": 0
        },
        {
            "id": 47,
            "x": 0,
            "y": 0
        },
        {
            "id": 48,
            "x": 0,
            "y": 0
        },
        {
            "id": 49,
            "x": 0,
            "y": 0
        },
        {
            "id": 50,
            "x": 0,
            "y": 0
        },
        {
            "id": 51,
            "x": 0,
            "y": 0
        },
        {
            "id": 52,
            "x": 0,
            "y": 0
        },
        {
            "id": 53,
            "x": 0,
            "y": 0
        },
        {
            "id": 54,
            "x": 0,
            "y": 0
        },
        {
            "id": 55,
            "x": 0,
            "y": 0
        },
        {
            "id": 56,
            "x": 0,
            "y": 0
        },
        {
            "id": 57,
            "x": 0,
            "y": 0
        },
        {
            "id": 58,
            "x": 0,
            "y": 0
        },
        {
            "id": 59,
            "x": 0,
            "y": 0
        },
        {
            "id": 60,
            "x": 0,
            "y": 0
        },
        {
            "id": 61,
            "x": 0,
            "y": 0
        },
        {
            "id": 62,
            "x": 0,
            "y": 0
        },
        {
            "id": 63,
            "x": 0,
            "y": 0
        },
        {
            "id": 64,
            "x": 0,
            "y": 0
        },
        {
            "id": 65,
            "x": 0,
            "y": 0
        },
        {
            "id": 66,
            "x": 0,
            "y": 0
        },
        {
            "id": 67,
            "x": 0,
            "y": 0
        },
        {
            "id": 68,
            "x": 0,
            "y": 0
        },
        {
            "id": 69,
            "x": 0,
            "y": 0
        },
        {
            "id": 70,
            "x": 0,
            "y": 0
        },
        {
            "id": 71,
            "x": 0,
            "y": 0
        },
        {
            "id": 72,
            "x": 0,
            "y": 0
        },
        {
            "id": 73,
            "x": 0,
            "y": 0
        },
        {
            "id": 74,
            "x": 0,
            "y": 0
        },
        {
            "id": 75,
            "x": 0,
            "y": 0
        },
        {
            "id": 76,
            "x": 0,
            "y": 0
        },
        {
            "id": 77,
            "x": 0,
            "y": 0
        },
        {
            "id": 78,
            "x": 0,
            "y": 0
        },
        {
            "id": 79,
            "x": 0,
            "y": 0
        },
        {
            "id": 80,
            "x": 0,
            "y": 0
        },
        {
            "id": 81,
            "x": 0,
            "y": 0
        },
        {
            "id": 82,
            "x": 0,
            "y": 0
        },
        {
            "id": 83,
            "x": 0,
            "y": 0
        },
        {
            "id": 84,
            "x": 0,
            "y": 0
        },
        {
            "id": 85,
            "x": 0,
            "y": 0
        },
        {
            "id": 86,
            "x": 0,
            "y": 0
        },
        {
            "id": 87,
            "x": 0,
            "y": 0
        },
        {
            "id": 88,
            "x": 0,
            "y": 0
        },
        {
            "id": 89,
            "x": 0,
            "y": 0
        },
        {
            "id": 90,
            "x": 0,
            "y": 0
        },
        {
            "id": 91,
            "x": 0,
            "y": 0
        },
        {
            "id": 92,
            "x": 0,
            "y": 0
        },
        {
            "id": 93,
            "x": 0,
            "y": 0
        },
        {
            "id": 94,
            "x": 0,
            "y": 0
        },
        {
            "id": 95,
            "x": 0,
            "y": 0
        },
        {
            "id": 96,
            "x": 0,
            "y": 0
        },
        {
            "id": 97,
            "x": 0,
            "y": 0
        },
        {
            "id": 98,
            "x": 0,
            "y": 0
        },
        {
            "id": 99,
            "x": 0,
            "y": 0
        },
        {
            "id": 100,
            "x": 0,
            "y": 0
        },
        {
            "id": 101,
            "x": 0,
            "y": 0
        },
        {
            "id": 102,
            "x": 0,
            "y": 0
        },
        {
            "id": 103,
            "x": 0,
            "y": 0
        },
        {
            "id": 104,
            "x": 0,
            "y": 0
        },
        {
            "id": 105,
            "x": 0,
            "y": 0
        },
        {
            "id": 106,
            "x": 0,
            "y": 0
        },
        {
            "id": 107,
            "x": 0,
            "y": 0
        },
        {
            "id": 108,
            "x": 0,
            "y": 0
        },
        {
            "id": 109,
            "x": 0,
            "y": 0
        },
        {
            "id": 110,
            "x": 0,
            "y": 0
        },
        {
            "id": 111,
            "x": 0,
            "y": 0
        },
        {
            "id": 112,
            "x": 0,
            "y": 0
        },
        {
            "id": 113,
            "x": 0,
            "y": 0
        },
        {
            "id": 114,
            "x": 0,
            "y": 0
        },
        {
            "id": 115,
            "x": 0,
            "y": 0
        },
        {
            "id": 116,
            "x": 0,
            "y": 0
        },
        {
            "id": 117,
            "x": 0,
            "y": 0
        },
        {
            "id": 118,
            "x": 0,
            "y": 0
        },
        {
            "id": 119,
            "x": 0,
            "y": 0
        },
        {
            "id": 120,
            "x": 0,
            "y": 0
        },
        {
            "id": 121,
            "x": 0,
            "y": 0
        },
        {
            "id": 122,
            "x": 0,
            "y": 0
        },
        {
            "id": 123,
            "x": 0,
            "y": 0
        },
        {
            "id": 124,
            "x": 0,
            "y": 0
        },
        {
            "id": 125,
            "x": 0,
            "y": 0
        },
        {
            "id": 126,
            "x": 0,
            "y": 0
        },
        {
            "id": 127,
            "x": 0,
            "y": 0
        },
        {
            "id": 128,
            "x": 0,
            "y": 0
        },
        {
            "id": 129,
            "x": 0,
            "y": 0
        },
        {
            "id": 130,
            "x": 0,
            "y": 0
        },
        {
            "id": 131,
            "x": 0,
            "y": 0
        },
        {
            "id": 132,
            "x": 0,
            "y": 0
        },
        {
            "id": 133,
            "x": 0,
            "y": 0
        },
        {
            "id": 134,
            "x": 0,
            "y": 0
        },
        {
            "id": 135,
            "x": 0,
            "y": 0
        },
        {
            "id": 136,
            "x": 0,
            "y": 0
        },
        {
            "id": 137,
            "x": 0,
            "y": 0
        },
        {
            "id": 138,
            "x": 0,
            "y": 0
        },
        {
            "id": 139,
            "x": 0,
            "y": 0
        },
        {
            "id": 140,
            "x": 0,
            "y": 0
        },
        {
            "id": 141,
            "x": 0,
            "y": 0
        },
        {
            "id": 142,
            "x": 0,
            "y": 0
        },
        {
            "id": 143,
            "x": 0,
            "y": 0
        },
        {
            "id": 144,
            "x": 0,
            "y": 0
        },
        {
            "id": 145,
            "x": 0,
            "y": 0
        },
        {
            "id": 146,
            "x": 0,
            "y": 0
        },
        {
            "id": 147,
            "x": 0,
            "y": 0
        },
        {
            "id": 148,
            "x": 0,
            "y": 0
        },
        {
            "id": 149,
            "x": 0,
            "y": 0
        },
        {
            "id": 150,
            "x": 0,
            "y": 0
        },
        {
            "id": 151,
            "x": 0,
            "y": 0
        },
        {
            "id": 152,
            "x": 0,
            "y": 0
        },
        {
            "id": 153,
            "x": 0,
            "y": 0
        },
        {
            "id": 154,
            "x": 0,
            "y": 0
        },
        {
            "id": 155,
            "x": 0,
            "y": 0
        },
        {
            "id": 156,
            "x": 0,
            "y": 0
        },
        {
            "id": 157,
            "x": 0,
            "y": 0
        },
        {
            "id": 158,
            "x": 0,
            "y": 0
        },
        {
            "id": 159,
            "x": 0,
            "y": 0
        },
        {
            "id": 160,
            "x": 0,
            "y": 0
        },
        {
            "id": 161,
            "x": 0,
            "y": 0
        },
        {
            "id": 162,
            "x": 0,
            "y": 0
        },
        {
            "id": 163,
            "x": 0,
            "y": 0
        },
        {
            "id": 164,
            "x": 0,
            "y": 0
        },
        {
            "id": 165,
            "x": 0,
            "y": 0
        },
        {
            "id": 166,
            "x": 0,
            "y": 0
        },
        {
            "id": 167,
            "x": 0,
            "y": 0
        },
        {
            "id": 168,
            "x": 0,
            "y": 0
        },
        {
            "id": 169,
            "x": 0,
            "y": 0
        },
        {
            "id": 170,
            "x": 0,
            "y": 0
        },
        {
            "id": 171,
            "x": 0,
            "y": 0
        },
        {
            "id": 172,
            "x": 0,
            "y": 0
        },
        {
            "id": 173,
            "x": 0,
            "y": 0
        },
        {
            "id": 174,
            "x": 0,
            "y": 0
        },
        {
            "id": 175,
            "x": 0,
            "y": 0
        },
        {
            "id": 176,
            "x": 0,
            "y": 0
        },
        {
            "id": 177,
            "x": 0,
            "y": 0
        },
        {
            "id": 178,
            "x": 0,
            "y": 0
        },
        {
            "id": 179,
            "x": 0,
            "y": 0
        },
        {
            "id": 180,
            "x": 0,
            "y": 0
        },
        {
            "id": 181,
            "x": 0,
            "y": 0
        },
        {
            "id": 182,
            "x": 0,
            "y": 0
        },
        {
            "id": 183,
            "x": 0,
            "y": 0
        },
        {
            "id": 184,
            "x": 0,
            "y": 0
        },
        {
            "id": 185,
            "x": 0,
            "y": 0
        },
        {
            "id": 186,
            "x": 0,
            "y": 0
        },
        {
            "id": 187,
            "x": 0,
            "y": 0
        },
        {
            "id": 188,
            "x": 0,
            "y": 0
        },
        {
            "id": 189,
            "x": 0,
            "y": 0
        },
        {
            "id": 190,
            "x": 0,
            "y": 0
        },
        {
            "id": 191,
            "x": 0,
            "y": 0
        },
        {
            "id": 192,
            "x": 0,
            "y": 0
        },
        {
            "id": 193,
            "x": 0,
            "y": 0
        },
        {
            "id": 194,
            "x": 0,
            "y": 0
        },
        {
            "id": 195,
            "x": 0,
            "y": 0
        },
        {
            "id": 196,
            "x": 0,
            "y": 0
        },
        {
            "id": 197,
            "x": 0,
            "y": 0
        },
        {
            "id": 198,
            "x": 0,
            "y": 0
        },
        {
            "id": 199,
            "x": 0,
            "y": 0
        }
    ],
    "points": [
        {
            "id": 0,
            "x": 114,
            "y": 111
        },
        {
            "id": 1,
            "x": 82,
            "y": 189
        },
        {
            "id": 2,
            "x": 156,
            "y": 110
        },
        {
            "id": 3,
            "x": 23,
            "y": 37
        },
        {
            "id": 4,
            "x": 86,
            "y": 150
        },
        {
            "id": 5,
            "x": 59,
            "y": 52
        },
        {
            "id": 6,
            "x": 149,
            "y": 117
        },
        {
            "id": 7,
            "x": 189,
            "y": 11
        },
        {
            "id": 8,
            "x": 121,
            "y": 83
        },
        {
            "id": 9,
            "x": 166,
            "y": 135
        },
        {
            "id": 10,
            "x": 64,
            "y": 191
        },
        {
            "id": 11,
            "x": 184,
            "y": 74
        },
        {
            "id": 12,
            "x": 138,
            "y": 194
        },
        {
            "id": 13,
            "x": 34,
            "y": 32
        },
        {
            "id": 14,
            "x": 180,
            "y": 171
        },
        {
            "id": 15,
            "x": 191,
            "y": 94
        },
        {
            "id": 16,
            "x": 38,
            "y": 87
        },
        {
            "id": 17,
            "x": 175,
            "y": 40
        },
        {
            "id": 18,
            "x": 43,
            "y": 107
        },
        {
            "id": 19,
            "x": 49,
            "y": 145
        },
        {
            "id": 20,
            "x": 107,
            "y": 93
        },
        {
            "id": 21,
            "x": 121,
            "y": 157
        },
        {
            "id": 22,
            "x": 65,
            "y": 137
        },
        {
            "id": 23,
            "x": 180,
            "y": 47
        },
        {
            "id": 24,
            "x": 4,
            "y": 166
        },
        {
            "id": 25,
            "x": 149,
            "y": 119
        },
        {
            "id": 26,
            "x": 22,
            "y": 19
        },
        {
            "id": 27,
            "x": 4,
            "y": 145
        },
        {
            "id": 28,
            "x": 79,
            "y": 75
        },
        {
            "id": 29,
            "x": 92,
            "y": 172
        },
        {
            "id": 30,
            "x": 194,
            "y": 114
        },
        {
            "id": 31,
            "x": 3,
            "y": 18
        },
        {
            "id": 32,
            "x": 30,
            "y": 50
        },
        {
            "id": 33,
            "x": 125,
            "y": 11
        },
        {
            "id": 34,
            "x": 193,
            "y": 40
        },
        {
            "id": 35,
            "x": 96,
            "y": 175
        },
        {
            "id": 36,
            "x": 8,
            "y": 46
        },
        {
            "id": 37,
            "x": 104,
            "y": 15
        },
        {
            "id": 38,
            "x": 150,
            "y": 29
        },
        {
            "id": 39,
            "x": 95,
            "y": 187
        },
        {
            "id": 40,
            "x": 195,
            "y": 197
        },
        {
            "id": 41,
            "x": 173,
            "y": 102
        },
        {
            "id": 42,
            "x": 135,
            "y": 11
        },
        {
            "id": 43,
            "x": 194,
            "y": 195
        },
        {
            "id": 44,
            "x": 33,
            "y": 48
        },
        {
            "id": 45,
            "x": 136,
            "y": 194
        },
        {
            "id": 46,
            "x": 35,
            "y": 162
        },
        {
            "id": 47,
            "x": 72,
            "y": 157
        },
        {
            "id": 48,
            "x": 193,
            "y": 95
        },
        {
            "id": 49,
            "x": 157,
            "y": 18
        },
        {
            "id": 50,
            "x": 35,
            "y": 55
        },
        {
            "id": 51,
            "x": 154,
            "y": 60
        },
        {
            "id": 52,
            "x": 89,
            "y": 57
        },
        {
            "id": 53,
            "x": 199,
            "y": 182
        },
        {
            "id": 54,
            "x": 71,
            "y": 155
        },
        {
            "id": 55,
            "x": 153,
            "y": 125
        },
        {
            "id": 56,
            "x": 82,
            "y": 163
        },
        {
            "id": 57,
            "x": 130,
            "y": 119
        },
        {
            "id": 58,
            "x": 128,
            "y": 170
        },
        {
            "id": 59,
            "x": 161,
            "y": 104
        },
        {
            "id": 60,
            "x": 181,
            "y": 157
        },
        {
            "id": 61,
            "x": 131,
            "y": 7
        },
        {
            "id": 62,
            "x": 126,
            "y": 59
        },
        {
            "id": 63,
            "x": 122,
            "y": 138
        },
        {
            "id": 64,
            "x": 44,
            "y": 41
        },
        {
            "id": 65,
            "x": 155,
            "y": 166
        },
        {
            "id": 66,
            "x": 132,
            "y": 110
        },
        {
            "id": 67,
            "x": 109,
            "y": 49
        },
        {
            "id": 68,
            "x": 64,
            "y": 97
        },
        {
            "id": 69,
            "x": 161,
            "y": 116
        },
        {
            "id": 70,
            "x": 26,
            "y": 132
        },
        {
            "id": 71,
            "x": 103,
            "y": 165
        },
        {
            "id": 72,
            "x": 40,
            "y": 200
        },
        {
            "id": 73,
            "x": 32,
            "y": 85
        },
        {
            "id": 74,
            "x": 169,
            "y": 95
        },
        {
            "id": 75,
            "x": 67,
            "y": 152
        },
        {
            "id": 76,
            "x": 2,
            "y": 81
        },
        {
            "id": 77,
            "x": 155,
            "y": 116
        },
        {
            "id": 78,
            "x": 88,
            "y": 141
        },
        {
            "id": 79,
            "x": 138,
            "y": 118
        },
        {
            "id": 80,
            "x": 127,
            "y": 153
        },
        {
            "id": 81,
            "x": 91,
            "y": 137
        },
        {
            "id": 82,
            "x": 118,
            "y": 88
        },
        {
            "id": 83,
            "x": 127,
            "y": 53
        },
        {
            "id": 84,
            "x": 192,
            "y": 141
        },
        {
            "id": 85,
            "x": 93,
            "y": 38
        },
        {
            "id": 86,
            "x": 176,
            "y": 183
        },
        {
            "id": 87,
            "x": 145,
            "y": 104
        },
        {
            "id": 88,
            "x": 179,
            "y": 118
        },
        {
            "id": 89,
            "x": 103,
            "y": 114
        },
        {
            "id": 90,
            "x": 165,
            "y": 100
        },
        {
            "id": 91,
            "x": 165,
            "y": 147
        },
        {
            "id": 92,
            "x": 43,
            "y": 181
        },
        {
            "id": 93,
            "x": 162,
            "y": 61
        },
        {
            "id": 94,
            "x": 48,
            "y": 42
        },
        {
            "id": 95,
            "x": 72,
            "y": 39
        },
        {
            "id": 96,
            "x": 121,
            "y": 22
        },
        {
            "id": 97,
            "x": 188,
            "y": 126
        },
        {
            "id": 98,
            "x": 187,
            "y": 192
        },
        {
            "id": 99,
            "x": 199,
            "y": 38
        },
        {
            "id": 100,
            "x": 1,
            "y": 107
        },
        {
            "id": 101,
            "x": 91,
            "y": 77
        },
        {
            "id": 102,
            "x": 164,
            "y": 60
        },
        {
            "id": 103,
            "x": 180,
            "y": 134
        },
        {
            "id": 104,
            "x": 77,
            "y": 126
        },
        {
            "id": 105,
            "x": 158,
            "y": 104
        },
        {
            "id": 106,
            "x": 30,
            "y": 126
        },
        {
            "id": 107,
            "x": 105,
            "y": 171
        },
        {
            "id": 108,
            "x": 101,
            "y": 91
        },
        {
            "id": 109,
            "x": 48,
            "y": 66
        },
        {
            "id": 110,
            "x": 52,
            "y": 17
        },
        {
            "id": 111,
            "x": 98,
            "y": 44
        },
        {
            "id": 112,
            "x": 96,
            "y": 92
        },
        {
            "id": 113,
            "x": 61,
            "y": 109
        },
        {
            "id": 114,
            "x": 55,
            "y": 76
        },
        {
            "id": 115,
            "x": 179,
            "y": 185
        },
        {
            "id": 116,
            "x": 25,
            "y": 121
        },
        {
            "id": 117,
            "x": 1,
            "y": 180
        },
        {
            "id": 118,
            "x": 9,
            "y": 13
        },
        {
            "id": 119,
            "x": 8,
            "y": 66
        },
        {
            "id": 120,
            "x": 33,
            "y": 200
        },
        {
            "id": 121,
            "x": 171,
            "y": 32
        },
        {
            "id": 122,
            "x": 183,
            "y": 103
        },
        {
            "id": 123,
            "x": 7,
            "y": 165
        },
        {
            "id": 124,
            "x": 5,
            "y": 186
        },
        {
            "id": 125,
            "x": 117,
            "y": 76
        },
        {
            "id": 126,
            "x": 138,
            "y": 121
        },
        {
            "id": 127,
            "x": 151,
            "y": 116
        },
        {
            "id": 128,
            "x": 55,
            "y": 139
        },
        {
            "id": 129,
            "x": 22,
            "y": 4
        },
        {
            "id": 130,
            "x": 137,
            "y": 166
        },
        {
            "id": 131,
            "x": 107,
            "y": 124
        },
        {
            "id": 132,
            "x": 108,
            "y": 14
        },
        {
            "id": 133,
            "x": 70,
            "y": 69
        },
        {
            "id": 134,
            "x": 93,
            "y": 187
        },
        {
            "id": 135,
            "x": 127,
            "y": 1
        },
        {
            "id": 136,
            "x": 161,
            "y": 192
        },
        {
            "id": 137,
            "x": 44,
            "y": 133
        },
        {
            "id": 138,
            "x": 37,
            "y": 59
        },
        {
            "id": 139,
            "x": 53,
            "y": 34
        },
        {
            "id": 140,
            "x": 84,
            "y": 97
        },
        {
            "id": 141,
            "x": 183,
            "y": 169
        },
        {
            "id": 142,
            "x": 60,
            "y": 184
        },
        {
            "id": 143,
            "x": 155,
            "y": 78
        },
        {
            "id": 144,
            "x": 118,
            "y": 96
        },
        {
            "id": 145,
            "x": 25,
            "y": 145
        },
        {
            "id": 146,
            "x": 185,
            "y": 90
        },
        {
            "id": 147,
            "x": 43,
            "y": 59
        },
        {
            "id": 148,
            "x": 55,
            "y": 15
        },
        {
            "id": 149,
            "x": 4,
            "y": 106
        },
        {
            "id": 150,
            "x": 140,
            "y": 44
        },
        {
            "id": 151,
            "x": 76,
            "y": 149
        },
        {
            "id": 152,
            "x": 13,
            "y": 176
        },
        {
            "id": 153,
            "x": 153,
            "y": 150
        },
        {
            "id": 154,
            "x": 88,
            "y": 8
        },
        {
            "id": 155,
            "x": 108,
            "y": 80
        },
        {
            "id": 156,
            "x": 51,
            "y": 179
        },
        {
            "id": 157,
            "x": 149,
            "y": 135
        },
        {
            "id": 158,
            "x": 55,
            "y": 5
        },
        {
            "id": 159,
            "x": 52,
            "y": 103
        },
        {
            "id": 160,
            "x": 146,
            "y": 46
        },
        {
            "id": 161,
            "x": 109,
            "y": 69
        },
        {
            "id": 162,
            "x": 114,
            "y": 67
        },
        {
            "id": 163,
            "x": 135,
            "y": 105
        },
        {
            "id": 164,
            "x": 142,
            "y": 44
        },
        {
            "id": 165,
            "x": 163,
            "y": 20
        },
        {
            "id": 166,
            "x": 27,
            "y": 54
        },
        {
            "id": 167,
            "x": 165,
            "y": 151
        },
        {
            "id": 168,
            "x": 149,
            "y": 81
        },
        {
            "id": 169,
            "x": 170,
            "y": 94
        },
        {
            "id": 170,
            "x": 112,
            "y": 187
        },
        {
            "id": 171,
            "x": 59,
            "y": 126
        },
        {
            "id": 172,
            "x": 175,
            "y": 143
        },
        {
            "id": 173,
            "x": 141,
            "y": 98
        },
        {
            "id": 174,
            "x": 76,
            "y": 10
        },
        {
            "id": 175,
            "x": 174,
            "y": 59
        },
        {
            "id": 176,
            "x": 109,
            "y": 9
        },
        {
            "id": 177,
            "x": 77,
            "y": 102
        },
        {
            "id": 178,
            "x": 79,
            "y": 16
        },
        {
            "id": 179,
            "x": 47,
            "y": 164
        },
        {
            "id": 180,
            "x": 145,
            "y": 80
        },
        {
            "id": 181,
            "x": 54,
            "y": 166
        },
        {
            "id": 182,
            "x": 97,
            "y": 84
        },
        {
            "id": 183,
            "x": 87,
            "y": 177
        },
        {
            "id": 184,
            "x": 123,
            "y": 130
        },
        {
            "id": 185,
            "x": 182,
            "y": 83
        },
        {
            "id": 186,
            "x": 161,
            "y": 47
        },
        {
            "id": 187,
            "x": 58,
            "y": 63
        },
        {
            "id": 188,
            "x": 69,
            "y": 158
        },
        {
            "id": 189,
            "x": 190,
            "y": 122
        },
        {
            "id": 190,
            "x": 144,
            "y": 200
        },
        {
            "id": 191,
            "x": 196,
            "y": 198
        },
        {
            "id": 192,
            "x": 138,
            "y": 124
        },
        {
            "id": 193,
            "x": 99,
            "y": 122
        },
        {
            "id": 194,
            "x": 70,
            "y": 88
        },
        {
            "id": 195,
            "x": 54,
            "y": 20
        },
        {
            "id": 196,
            "x": 38,
            "y": 47
        },
        {
            "id": 197,
            "x": 140,
            "y": 181
        },
        {
            "id": 198,
            "x": 142,
            "y": 49
        },
        {
            "id": 199,
            "x": 89,
            "y": 183
        },
        {
            "id": 200,
            "x": 125,
            "y": 161
        },
        {
            "id": 201,
            "x": 69,
            "y": 50
        },
        {
            "id": 202,
            "x": 19,
            "y": 30
        },
        {
            "id": 203,
            "x": 98,
            "y": 134
        },
        {
            "id": 204,
            "x": 166,
            "y": 80
        },
        {
            "id": 205,
            "x": 102,
            "y": 29
        },
        {
            "id": 206,
            "x": 157,
            "y": 173
        },
        {
            "id": 207,
            "x": 112,
            "y": 156
        },
        {
            "id": 208,
            "x": 94,
            "y": 66
        },
        {
            "id": 209,
            "x": 62,
            "y": 27
        },
        {
            "id": 210,
            "x": 85,
            "y": 19
        },
        {
            "id": 211,
            "x": 154,
            "y": 100
        },
        {
            "id": 212,
            "x": 98,
            "y": 188
        },
        {
            "id": 213,
            "x": 97,
            "y": 163
        },
        {
            "id": 214,
            "x": 122,
            "y": 165
        },
        {
            "id": 215,
            "x": 11,
            "y": 5
        },
        {
            "id": 216,
            "x": 133,
            "y": 49
        },
        {
            "id": 217,
            "x": 58,
            "y": 178
        },
        {
            "id": 218,
            "x": 187,
            "y": 98
        },
        {
            "id": 219,
            "x": 77,
            "y": 22
        },
        {
            "id": 220,
            "x": 164,
            "y": 22
        },
        {
            "id": 221,
            "x": 176,
            "y": 17
        },
        {
            "id": 222,
            "x": 18,
            "y": 146
        },
        {
            "id": 223,
            "x": 100,
            "y": 188
        },
        {
            "id": 224,
            "x": 105,
            "y": 62
        },
        {
            "id": 225,
            "x": 168,
            "y": 68
        },
        {
            "id": 226,
            "x": 114,
            "y": 6
        },
        {
            "id": 227,
            "x": 156,
            "y": 112
        },
        {
            "id": 228,
            "x": 58,
            "y": 81
        },
        {
            "id": 229,
            "x": 195,
            "y": 44
        },
        {
            "id": 230,
            "x": 9,
            "y": 27
        },
        {
            "id": 231,
            "x": 42,
            "y": 28
        },
        {
            "id": 232,
            "x": 133,
            "y": 14
        },
        {
            "id": 233,
            "x": 168,
            "y": 2
        },
        {
            "id": 234,
            "x": 21,
            "y": 102
        },
        {
            "id": 235,
            "x": 37,
            "y": 191
        },
        {
            "id": 236,
            "x": 190,
            "y": 187
        },
        {
            "id": 237,
            "x": 113,
            "y": 1
        },
        {
            "id": 238,
            "x": 108,
            "y": 183
        },
        {
            "id": 239,
            "x": 176,
            "y": 181
        },
        {
            "id": 240,
            "x": 108,
            "y": 171
        },
        {
            "id": 241,
            "x": 26,
            "y": 88
        },
        {
            "id": 242,
            "x": 62,
            "y": 193
        },
        {
            "id": 243,
            "x": 166,
            "y": 49
        },
        {
            "id": 244,
            "x": 48,
            "y": 103
        },
        {
            "id": 245,
            "x": 40,
            "y": 119
        },
        {
            "id": 246,
            "x": 120,
            "y": 68
        },
        {
            "id": 247,
            "x": 187,
            "y": 32
        },
        {
            "id": 248,
            "x": 79,
            "y": 63
        },
        {
            "id": 249,
            "x": 92,
            "y": 161
        },
        {
            "id": 250,
            "x": 50,
            "y": 88
        },
        {
            "id": 251,
            "x": 30,
            "y": 131
        },
        {
            "id": 252,
            "x": 195,
            "y": 146
        },
        {
            "id": 253,
            "x": 165,
            "y": 137
        },
        {
            "id": 254,
            "x": 193,
            "y": 104
        },
        {
            "id": 255,
            "x": 193,
            "y": 182
        },
        {
            "id": 256,
            "x": 128,
            "y": 20
        },
        {
            "id": 257,
            "x": 113,
            "y": 83
        },
        {
            "id": 258,
            "x": 168,
            "y": 51
        },
        {
            "id": 259,
            "x": 152,
            "y": 46
        },
        {
            "id": 260,
            "x": 6,
            "y": 10
        },
        {
            "id": 261,
            "x": 115,
            "y": 21
        },
        {
            "id": 262,
            "x": 191,
            "y": 185
        },
        {
            "id": 263,
            "x": 94,
            "y": 177
        },
        {
            "id": 264,
            "x": 154,
            "y": 73
        },
        {
            "id": 265,
            "x": 1,
            "y": 43
        },
        {
            "id": 266,
            "x": 30,
            "y": 29
        },
        {
            "id": 267,
            "x": 186,
            "y": 54
        },
        {
            "id": 268,
            "x": 24,
            "y": 2
        },
        {
            "id": 269,
            "x": 151,
            "y": 7
        },
        {
            "id": 270,
            "x": 19,
            "y": 27
        },
        {
            "id": 271,
            "x": 8,
            "y": 134
        },
        {
            "id": 272,
            "x": 31,
            "y": 99
        },
        {
            "id": 273,
            "x": 67,
            "y": 193
        },
        {
            "id": 274,
            "x": 23,
            "y": 176
        },
        {
            "id": 275,
            "x": 84,
            "y": 136
        },
        {
            "id": 276,
            "x": 138,
            "y": 136
        },
        {
            "id": 277,
            "x": 116,
            "y": 36
        },
        {
            "id": 278,
            "x": 103,
            "y": 161
        },
        {
            "id": 279,
            "x": 125,
            "y": 175
        },
        {
            "id": 280,
            "x": 127,
            "y": 88
        },
        {
            "id": 281,
            "x": 86,
            "y": 36
        },
        {
            "id": 282,
            "x": 13,
            "y": 153
        },
        {
            "id": 283,
            "x": 57,
            "y": 32
        },
        {
            "id": 284,
            "x": 98,
            "y": 117
        },
        {
            "id": 285,
            "x": 120,
            "y": 176
        },
        {
            "id": 286,
            "x": 41,
            "y": 22
        },
        {
            "id": 287,
            "x": 190,
            "y": 33
        },
        {
            "id": 288,
            "x": 97,
            "y": 87
        },
        {
            "id": 289,
            "x": 188,
            "y": 134
        },
        {
            "id": 290,
            "x": 107,
            "y": 127
        },
        {
            "id": 291,
            "x": 98,
            "y": 39
        },
        {
            "id": 292,
            "x": 33,
            "y": 108
        },
        {
            "id": 293,
            "x": 5,
            "y": 101
        },
        {
            "id": 294,
            "x": 143,
            "y": 116
        },
        {
            "id": 295,
            "x": 188,
            "y": 156
        },
        {
            "id": 296,
            "x": 11,
            "y": 73
        },
        {
            "id": 297,
            "x": 67,
            "y": 17
        },
        {
            "id": 298,
            "x": 166,
            "y": 140
        },
        {
            "id": 299,
            "x": 119,
            "y": 125
        },
        {
            "id": 300,
            "x": 92,
            "y": 138
        },
        {
            "id": 301,
            "x": 77,
            "y": 18
        },
        {
            "id": 302,
            "x": 84,
            "y": 91
        },
        {
            "id": 303,
            "x": 40,
            "y": 82
        },
        {
            "id": 304,
            "x": 151,
            "y": 103
        },
        {
            "id": 305,
            "x": 172,
            "y": 174
        },
        {
            "id": 306,
            "x": 96,
            "y": 8
        },
        {
            "id": 307,
            "x": 51,
            "y": 35
        },
        {
            "id": 308,
            "x": 16,
            "y": 70
        },
        {
            "id": 309,
            "x": 16,
            "y": 146
        },
        {
            "id": 310,
            "x": 94,
            "y": 195
        },
        {
            "id": 311,
            "x": 133,
            "y": 162
        },
        {
            "id": 312,
            "x": 193,
            "y": 116
        },
        {
            "id": 313,
            "x": 21,
            "y": 182
        },
        {
            "id": 314,
            "x": 66,
            "y": 0
        },
        {
            "id": 315,
            "x": 121,
            "y": 51
        },
        {
            "id": 316,
            "x": 129,
            "y": 148
        },
        {
            "id": 317,
            "x": 14,
            "y": 197
        },
        {
            "id": 318,
            "x": 5,
            "y": 126
        },
        {
            "id": 319,
            "x": 14,
            "y": 176
        },
        {
            "id": 320,
            "x": 150,
            "y": 156
        },
        {
            "id": 321,
            "x": 50,
            "y": 171
        },
        {
            "id": 322,
            "x": 130,
            "y": 109
        },
        {
            "id": 323,
            "x": 133,
            "y": 124
        },
        {
            "id": 324,
            "x": 55,
            "y": 99
        },
        {
            "id": 325,
            "x": 76,
            "y": 75
        },
        {
            "id": 326,
            "x": 8,
            "y": 25
        },
        {
            "id": 327,
            "x": 179,
            "y": 74
        },
        {
            "id": 328,
            "x": 137,
            "y": 143
        },
        {
            "id": 329,
            "x": 79,
            "y": 136
        },
        {
            "id": 330,
            "x": 20,
            "y": 73
        },
        {
            "id": 331,
            "x": 126,
            "y": 24
        },
        {
            "id": 332,
            "x": 161,
            "y": 76
        },
        {
            "id": 333,
            "x": 117,
            "y": 113
        },
        {
            "id": 334,
            "x": 27,
            "y": 171
        },
        {
            "id": 335,
            "x": 15,
            "y": 155
        },
        {
            "id": 336,
            "x": 94,
            "y": 174
        },
        {
            "id": 337,
            "x": 125,
            "y": 134
        },
        {
            "id": 338,
            "x": 75,
            "y": 76
        },
        {
            "id": 339,
            "x": 180,
            "y": 130
        },
        {
            "id": 340,
            "x": 160,
            "y": 113
        },
        {
            "id": 341,
            "x": 173,
            "y": 36
        },
        {
            "id": 342,
            "x": 125,
            "y": 65
        },
        {
            "id": 343,
            "x": 194,
            "y": 177
        },
        {
            "id": 344,
            "x": 118,
            "y": 189
        },
        {
            "id": 345,
            "x": 41,
            "y": 112
        },
        {
            "id": 346,
            "x": 70,
            "y": 183
        },
        {
            "id": 347,
            "x": 19,
            "y": 25
        },
        {
            "id": 348,
            "x": 167,
            "y": 180
        },
        {
            "id": 349,
            "x": 42,
            "y": 133
        },
        {
            "id": 350,
            "x": 5,
            "y": 82
        },
        {
            "id": 351,
            "x": 13,
            "y": 182
        },
        {
            "id": 352,
            "x": 115,
            "y": 197
        },
        {
            "id": 353,
            "x": 97,
            "y": 154
        },
        {
            "id": 354,
            "x": 23,
            "y": 181
        },
        {
            "id": 355,
            "x": 62,
            "y": 166
        },
        {
            "id": 356,
            "x": 37,
            "y": 27
        },
        {
            "id": 357,
            "x": 172,
            "y": 199
        },
        {
            "id": 358,
            "x": 42,
            "y": 23
        },
        {
            "id": 359,
            "x": 59,
            "y": 103
        },
        {
            "id": 360,
            "x": 45,
            "y": 156
        },
        {
            "id": 361,
            "x": 98,
            "y": 142
        },
        {
            "id": 362,
            "x": 100,
            "y": 182
        },
        {
            "id": 363,
            "x": 152,
            "y": 110
        },
        {
            "id": 364,
            "x": 53,
            "y": 160
        },
        {
            "id": 365,
            "x": 89,
            "y": 158
        },
        {
            "id": 366,
            "x": 163,
            "y": 129
        },
        {
            "id": 367,
            "x": 1,
            "y": 39
        },
        {
            "id": 368,
            "x": 76,
            "y": 182
        },
        {
            "id": 369,
            "x": 145,
            "y": 182
        },
        {
            "id": 370,
            "x": 72,
            "y": 143
        },
        {
            "id": 371,
            "x": 144,
            "y": 97
        },
        {
            "id": 372,
            "x": 1,
            "y": 63
        },
        {
            "id": 373,
            "x": 79,
            "y": 135
        },
        {
            "id": 374,
            "x": 196,
            "y": 130
        },
        {
            "id": 375,
            "x": 59,
            "y": 6
        },
        {
            "id": 376,
            "x": 92,
            "y": 175
        },
        {
            "id": 377,
            "x": 152,
            "y": 155
        },
        {
            "id": 378,
            "x": 161,
            "y": 146
        },
        {
            "id": 379,
            "x": 193,
            "y": 99
        },
        {
            "id": 380,
            "x": 178,
            "y": 4
        },
        {
            "id": 381,
            "x": 186,
            "y": 104
        },
        {
            "id": 382,
            "x": 8,
            "y": 29
        },
        {
            "id": 383,
            "x": 176,
            "y": 125
        },
        {
            "id": 384,
            "x": 65,
            "y": 74
        },
        {
            "id": 385,
            "x": 146,
            "y": 31
        },
        {
            "id": 386,
            "x": 71,
            "y": 112
        },
        {
            "id": 387,
            "x": 111,
            "y": 126
        },
        {
            "id": 388,
            "x": 127,
            "y": 100
        },
        {
            "id": 389,
            "x": 80,
            "y": 187
        },
        {
            "id": 390,
            "x": 66,
            "y": 190
        },
        {
            "id": 391,
            "x": 166,
            "y": 197
        },
        {
            "id": 392,
            "x": 84,
            "y": 194
        },
        {
            "id": 393,
            "x": 196,
            "y": 170
        },
        {
            "id": 394,
            "x": 143,
            "y": 54
        },
        {
            "id": 395,
            "x": 32,
            "y": 154
        },
        {
            "id": 396,
            "x": 11,
            "y": 94
        },
        {
            "id": 397,
            "x": 85,
            "y": 85
        },
        {
            "id": 398,
            "x": 193,
            "y": 186
        },
        {
            "id": 399,
            "x": 182,
            "y": 15
        },
        {
            "id": 400,
            "x": 105,
            "y": 179
        },
        {
            "id": 401,
            "x": 77,
            "y": 194
        },
        {
            "id": 402,
            "x": 4,
            "y": 54
        },
        {
            "id": 403,
            "x": 171,
            "y": 150
        },
        {
            "id": 404,
            "x": 171,
            "y": 137
        },
        {
            "id": 405,
            "x": 90,
            "y": 154
        },
        {
            "id": 406,
            "x": 28,
            "y": 95
        },
        {
            "id": 407,
            "x": 94,
            "y": 149
        },
        {
            "id": 408,
            "x": 8,
            "y": 43
        },
        {
            "id": 409,
            "x": 124,
            "y": 12
        },
        {
            "id": 410,
            "x": 159,
            "y": 173
        },
        {
            "id": 411,
            "x": 68,
            "y": 42
        },
        {
            "id": 412,
            "x": 36,
            "y": 104
        },
        {
            "id": 413,
            "x": 162,
            "y": 91
        },
        {
            "id": 414,
            "x": 136,
            "y": 118
        },
        {
            "id": 415,
            "x": 84,
            "y": 160
        },
        {
            "id": 416,
            "x": 33,
            "y": 146
        },
        {
            "id": 417,
            "x": 70,
            "y": 190
        },
        {
            "id": 418,
            "x": 66,
            "y": 152
        },
        {
            "id": 419,
            "x": 168,
            "y": 22
        },
        {
            "id": 420,
            "x": 4,
            "y": 139
        },
        {
            "id": 421,
            "x": 30,
            "y": 99
        },
        {
            "id": 422,
            "x": 72,
            "y": 121
        },
        {
            "id": 423,
            "x": 72,
            "y": 26
        },
        {
            "id": 424,
            "x": 51,
            "y": 124
        },
        {
            "id": 425,
            "x": 33,
            "y": 138
        },
        {
            "id": 426,
            "x": 178,
            "y": 125
        },
        {
            "id": 427,
            "x": 191,
            "y": 128
        },
        {
            "id": 428,
            "x": 73,
            "y": 117
        },
        {
            "id": 429,
            "x": 107,
            "y": 199
        },
        {
            "id": 430,
            "x": 157,
            "y": 196
        },
        {
            "id": 431,
            "x": 15,
            "y": 61
        },
        {
            "id": 432,
            "x": 65,
            "y": 42
        },
        {
            "id": 433,
            "x": 47,
            "y": 137
        },
        {
            "id": 434,
            "x": 169,
            "y": 196
        },
        {
            "id": 435,
            "x": 74,
            "y": 17
        },
        {
            "id": 436,
            "x": 61,
            "y": 48
        },
        {
            "id": 437,
            "x": 142,
            "y": 0
        },
        {
            "id": 438,
            "x": 156,
            "y": 162
        },
        {
            "id": 439,
            "x": 159,
            "y": 109
        },
        {
            "id": 440,
            "x": 131,
            "y": 0
        },
        {
            "id": 441,
            "x": 170,
            "y": 35
        },
        {
            "id": 442,
            "x": 32,
            "y": 82
        },
        {
            "id": 443,
            "x": 49,
            "y": 30
        },
        {
            "id": 444,
            "x": 117,
            "y": 123
        },
        {
            "id": 445,
            "x": 179,
            "y": 166
        },
        {
            "id": 446,
            "x": 34,
            "y": 160
        },
        {
            "id": 447,
            "x": 156,
            "y": 34
        },
        {
            "id": 448,
            "x": 60,
            "y": 121
        },
        {
            "id": 449,
            "x": 71,
            "y": 67
        },
        {
            "id": 450,
            "x": 98,
            "y": 52
        },
        {
            "id": 451,
            "x": 95,
            "y": 65
        },
        {
            "id": 452,
            "x": 51,
            "y": 178
        },
        {
            "id": 453,
            "x": 96,
            "y": 51
        },
        {
            "id": 454,
            "x": 119,
            "y": 43
        },
        {
            "id": 455,
            "x": 82,
            "y": 140
        },
        {
            "id": 456,
            "x": 111,
            "y": 83
        },
        {
            "id": 457,
            "x": 28,
            "y": 51
        },
        {
            "id": 458,
            "x": 144,
            "y": 81
        },
        {
            "id": 459,
            "x": 112,
            "y": 44
        },
        {
            "id": 460,
            "x": 98,
            "y": 152
        },
        {
            "id": 461,
            "x": 173,
            "y": 138
        },
        {
            "id": 462,
            "x": 65,
            "y": 118
        },
        {
            "id": 463,
            "x": 161,
            "y": 74
        },
        {
            "id": 464,
            "x": 129,
            "y": 33
        },
        {
            "id": 465,
            "x": 195,
            "y": 28
        },
        {
            "id": 466,
            "x": 30,
            "y": 149
        },
        {
            "id": 467,
            "x": 140,
            "y": 111
        },
        {
            "id": 468,
            "x": 22,
            "y": 117
        },
        {
            "id": 469,
            "x": 98,
            "y": 3
        },
        {
            "id": 470,
            "x": 29,
            "y": 131
        },
        {
            "id": 471,
            "x": 127,
            "y": 48
        },
        {
            "id": 472,
            "x": 64,
            "y": 125
        },
        {
            "id": 473,
            "x": 136,
            "y": 163
        },
        {
            "id": 474,
            "x": 27,
            "y": 70
        },
        {
            "id": 475,
            "x": 111,
            "y": 74
        },
        {
            "id": 476,
            "x": 151,
            "y": 152
        },
        {
            "id": 477,
            "x": 74,
            "y": 48
        },
        {
            "id": 478,
            "x": 153,
            "y": 114
        },
        {
            "id": 479,
            "x": 138,
            "y": 192
        },
        {
            "id": 480,
            "x": 100,
            "y": 44
        },
        {
            "id": 481,
            "x": 107,
            "y": 81
        },
        {
            "id": 482,
            "x": 137,
            "y": 182
        },
        {
            "id": 483,
            "x": 65,
            "y": 109
        },
        {
            "id": 484,
            "x": 69,
            "y": 12
        },
        {
            "id": 485,
            "x": 74,
            "y": 191
        },
        {
            "id": 486,
            "x": 119,
            "y": 66
        },
        {
            "id": 487,
            "x": 47,
            "y": 67
        },
        {
            "id": 488,
            "x": 96,
            "y": 159
        },
        {
            "id": 489,
            "x": 81,
            "y": 111
        },
        {
            "id": 490,
            "x": 109,
            "y": 79
        },
        {
            "id": 491,
            "x": 43,
            "y": 110
        },
        {
            "id": 492,
            "x": 185,
            "y": 170
        },
        {
            "id": 493,
            "x": 67,
            "y": 28
        },
        {
            "id": 494,
            "x": 146,
            "y": 48
        },
        {
            "id": 495,
            "x": 24,
            "y": 85
        },
        {
            "id": 496,
            "x": 26,
            "y": 8
        },
        {
            "id": 497,
            "x": 188,
            "y": 100
        },
        {
            "id": 498,
            "x": 10,
            "y": 65
        },
        {
            "id": 499,
            "x": 138,
            "y": 72
        },
        {
            "id": 500,
            "x": 57,
            "y": 39
        },
        {
            "id": 501,
            "x": 59,
            "y": 101
        },
        {
            "id": 502,
            "x": 2,
            "y": 7
        },
        {
            "id": 503,
            "x": 37,
            "y": 19
        },
        {
            "id": 504,
            "x": 25,
            "y": 146
        },
        {
            "id": 505,
            "x": 144,
            "y": 74
        },
        {
            "id": 506,
            "x": 19,
            "y": 16
        },
        {
            "id": 507,
            "x": 143,
            "y": 89
        },
        {
            "id": 508,
            "x": 89,
            "y": 30
        },
        {
            "id": 509,
            "x": 115,
            "y": 56
        },
        {
            "id": 510,
            "x": 44,
            "y": 14
        },
        {
            "id": 511,
            "x": 176,
            "y": 136
        },
        {
            "id": 512,
            "x": 140,
            "y": 194
        },
        {
            "id": 513,
            "x": 140,
            "y": 158
        },
        {
            "id": 514,
            "x": 147,
            "y": 11
        },
        {
            "id": 515,
            "x": 32,
            "y": 181
        },
        {
            "id": 516,
            "x": 112,
            "y": 199
        },
        {
            "id": 517,
            "x": 45,
            "y": 172
        },
        {
            "id": 518,
            "x": 184,
            "y": 77
        },
        {
            "id": 519,
            "x": 58,
            "y": 156
        },
        {
            "id": 520,
            "x": 103,
            "y": 70
        },
        {
            "id": 521,
            "x": 91,
            "y": 54
        },
        {
            "id": 522,
            "x": 86,
            "y": 27
        },
        {
            "id": 523,
            "x": 133,
            "y": 113
        },
        {
            "id": 524,
            "x": 156,
            "y": 104
        },
        {
            "id": 525,
            "x": 125,
            "y": 15
        },
        {
            "id": 526,
            "x": 91,
            "y": 30
        },
        {
            "id": 527,
            "x": 184,
            "y": 20
        },
        {
            "id": 528,
            "x": 93,
            "y": 20
        },
        {
            "id": 529,
            "x": 100,
            "y": 128
        },
        {
            "id": 530,
            "x": 49,
            "y": 28
        },
        {
            "id": 531,
            "x": 45,
            "y": 148
        },
        {
            "id": 532,
            "x": 193,
            "y": 76
        },
        {
            "id": 533,
            "x": 52,
            "y": 164
        },
        {
            "id": 534,
            "x": 199,
            "y": 67
        },
        {
            "id": 535,
            "x": 55,
            "y": 186
        },
        {
            "id": 536,
            "x": 151,
            "y": 131
        },
        {
            "id": 537,
            "x": 92,
            "y": 158
        },
        {
            "id": 538,
            "x": 101,
            "y": 145
        },
        {
            "id": 539,
            "x": 15,
            "y": 198
        },
        {
            "id": 540,
            "x": 148,
            "y": 178
        },
        {
            "id": 541,
            "x": 3,
            "y": 15
        },
        {
            "id": 542,
            "x": 1,
            "y": 100
        },
        {
            "id": 543,
            "x": 80,
            "y": 184
        },
        {
            "id": 544,
            "x": 97,
            "y": 60
        },
        {
            "id": 545,
            "x": 101,
            "y": 46
        },
        {
            "id": 546,
            "x": 35,
            "y": 121
        },
        {
            "id": 547,
            "x": 55,
            "y": 177
        },
        {
            "id": 548,
            "x": 49,
            "y": 131
        },
        {
            "id": 549,
            "x": 153,
            "y": 77
        },
        {
            "id": 550,
            "x": 177,
            "y": 22
        },
        {
            "id": 551,
            "x": 70,
            "y": 32
        },
        {
            "id": 552,
            "x": 3,
            "y": 119
        },
        {
            "id": 553,
            "x": 182,
            "y": 179
        },
        {
            "id": 554,
            "x": 97,
            "y": 38
        },
        {
            "id": 555,
            "x": 104,
            "y": 104
        },
        {
            "id": 556,
            "x": 191,
            "y": 125
        },
        {
            "id": 557,
            "x": 170,
            "y": 136
        },
        {
            "id": 558,
            "x": 98,
            "y": 60
        },
        {
            "id": 559,
            "x": 59,
            "y": 22
        },
        {
            "id": 560,
            "x": 85,
            "y": 106
        },
        {
            "id": 561,
            "x": 146,
            "y": 56
        },
        {
            "id": 562,
            "x": 191,
            "y": 92
        },
        {
            "id": 563,
            "x": 19,
            "y": 145
        },
        {
            "id": 564,
            "x": 38,
            "y": 50
        },
        {
            "id": 565,
            "x": 75,
            "y": 71
        },
        {
            "id": 566,
            "x": 176,
            "y": 165
        },
        {
            "id": 567,
            "x": 12,
            "y": 27
        },
        {
            "id": 568,
            "x": 154,
            "y": 115
        },
        {
            "id": 569,
            "x": 89,
            "y": 95
        },
        {
            "id": 570,
            "x": 137,
            "y": 170
        },
        {
            "id": 571,
            "x": 132,
            "y": 171
        },
        {
            "id": 572,
            "x": 18,
            "y": 130
        },
        {
            "id": 573,
            "x": 161,
            "y": 75
        },
        {
            "id": 574,
            "x": 192,
            "y": 159
        },
        {
            "id": 575,
            "x": 130,
            "y": 56
        },
        {
            "id": 576,
            "x": 135,
            "y": 17
        },
        {
            "id": 577,
            "x": 173,
            "y": 63
        },
        {
            "id": 578,
            "x": 173,
            "y": 120
        },
        {
            "id": 579,
            "x": 141,
            "y": 190
        },
        {
            "id": 580,
            "x": 161,
            "y": 133
        },
        {
            "id": 581,
            "x": 64,
            "y": 129
        },
        {
            "id": 582,
            "x": 27,
            "y": 170
        },
        {
            "id": 583,
            "x": 83,
            "y": 124
        },
        {
            "id": 584,
            "x": 100,
            "y": 18
        },
        {
            "id": 585,
            "x": 61,
            "y": 138
        },
        {
            "id": 586,
            "x": 125,
            "y": 136
        },
        {
            "id": 587,
            "x": 144,
            "y": 118
        },
        {
            "id": 588,
            "x": 106,
            "y": 125
        },
        {
            "id": 589,
            "x": 41,
            "y": 141
        },
        {
            "id": 590,
            "x": 84,
            "y": 126
        },
        {
            "id": 591,
            "x": 137,
            "y": 24
        },
        {
            "id": 592,
            "x": 77,
            "y": 76
        },
        {
            "id": 593,
            "x": 11,
            "y": 161
        },
        {
            "id": 594,
            "x": 155,
            "y": 56
        },
        {
            "id": 595,
            "x": 96,
            "y": 155
        },
        {
            "id": 596,
            "x": 148,
            "y": 86
        },
        {
            "id": 597,
            "x": 143,
            "y": 49
        },
        {
            "id": 598,
            "x": 56,
            "y": 73
        },
        {
            "id": 599,
            "x": 124,
            "y": 94
        }
    ]
}
