{
    "edges": [
        {
            "source": 3,
            "target": 5
        },
        {
            "source": 7,
            "target": 2
        },
        {
            "source": 1,
            "target": 5
        },
        {
            "source": 3,
            "target": 4
        },
        {
            "source": 7,
            "target": 4
        },
        {
            "source": 7,
            "target": 6
        },
        {
            "source": 0,
            "target": 6
        },
        {
            "source": 1,
            "target": 2
        },
        {
            "source": 0,
            "target": 5
        },
        {
            "source": 3,
            "target": 6
        },
        {
            "source": 1,
            "target": 4
        },
        {
            "source": 0,
            "target": 2
        }
    ],
    "nodes": [
        {
            "id": 0,
            "x": 0,
            "y": 0
        },
        {
            "id": 1,
            "x": 0,
            "y": 0
        },
        {
            "id": 2,
            "x": 0,
            "y": 0
        },
        {
            "id": 3,
            "x": 0,
            "y": 0
        },
        {
            "id": 4,
            "x": 0,
            "y": 0
        },
        {
            "id": 5,
            "x": 0,
            "y": 0
        },
        {
            "id": 6,
            "x": 0,
            "y": 0
        },
        {
            "id": 7,
            "x": 0,
            "y": 0
        }
    ],
    "points": [
        {
            "id": 0,
            "x": 2,
            "y": 1
        },
        {
            "id": 1,
            "x": 1,
            "y": 1
        },
        {
            "id": 2,
            "x": 4,
            "y": 3
        },
        {
            "id": 3,
            "x": 4,
            "y": 1
        },
        {
            "id": 4,
            "x": 2,
            "y": 3
        },
        {
            "id": 5,
            "x": 3,
            "y": 3
        },
        {
            "id": 6,
            "x": 1,
            "y": 3
        },
        {
            "id": 7,
            "x": 3,
            "y": 1
        },
        {
            "id": 8,
            "x": 10,
            "y": 7
        },
        {
            "id": 9,
            "x": 9,
            "y": 0
        },
        {
            "id": 10,
            "x": 9,
            "y": 3
        },
        {
            "id": 11,
            "x": 2,
            "y": 0
        },
        {
            "id": 12,
            "x": 3,
            "y": 6
        },
        {
            "id": 13,
            "x": 9,
            "y": 2
        },
        {
            "id": 14,
            "x": 9,
            "y": 5
        },
        {
            "id": 15,
            "x": 5,
            "y": 1
        },
        {
            "id": 16,
            "x": 0,
            "y": 8
        },
        {
            "id": 17,
            "x": 9,
            "y": 9
        },
        {
            "id": 18,
            "x": 5,
            "y": 6
        },
        {
            "id": 19,
            "x": 10,
            "y": 0
        },
        {
            "id": 20,
            "x": 2,
            "y": 4
        },
        {
            "id": 21,
            "x": 7,
            "y": 6
        },
        {
            "id": 22,
            "x": 6,
            "y": 0
        },
        {
            "id": 23,
            "x": 0,
            "y": 3
        }
    ]
}
