{
    "edges": [
        {
            "source": 39,
            "target": 12
        },
        {
            "source": 31,
            "target": 21
        },
        {
            "source": 18,
            "target": 14
        },
        {
            "source": 33,
            "target": 26
        },
        {
            "source": 19,
            "target": 13
        },
        {
            "source": 24,
            "target": 8
        },
        {
            "source": 2,
            "target": 8
        },
        {
            "source": 5,
            "target": 28
        },
        {
            "source": 9,
            "target": 28
        },
        {
            "source": 17,
            "target": 26
        },
        {
            "source": 11,
            "target": 1
        },
        {
            "source": 4,
            "target": 35
        },
        {
            "source": 4,
            "target": 11
        },
        {
            "source": 30,
            "target": 36
        },
        {
            "source": 39,
            "target": 23
        },
        {
            "source": 38,
            "target": 23
        },
        {
            "source": 35,
            "target": 19
        },
        {
            "source": 20,
            "target": 11
        },
        {
            "source": 3,
            "target": 14
        },
        {
            "source": 9,
            "target": 29
        },
        {
            "source": 25,
            "target": 0
        },
        {
            "source": 32,
            "target": 6
        },
        {
            "source": 25,
            "target": 32
        },
        {
            "source": 27,
            "target": 15
        },
        {
            "source": 5,
            "target": 3
        },
        {
            "source": 22,
            "target": 10
        },
        {
            "source": 29,
            "target": 33
        },
        {
            "source": 34,
            "target": 16
        },
        {
            "source": 15,
            "target": 9
        },
        {
            "source": 7,
            "target": 27
        },
        {
            "source": 13,
            "target": 31
        },
        {
            "source": 10,
            "target": 7
        },
        {
            "source": 28,
            "target": 24
        },
        {
            "source": 36,
            "target": 7
        },
        {
            "source": 1,
            "target": 38
        },
        {
            "source": 31,
            "target": 0
        },
        {
            "source": 19,
            "target": 25
        },
        {
            "source": 35,
            "target": 21
        },
        {
            "source": 13,
            "target": 34
        },
        {
            "source": 6,
            "target": 3
        },
        {
            "source": 22,
            "target": 15
        },
        {
            "source": 38,
            "target": 37
        },
        {
            "source": 20,
            "target": 24
        },
        {
            "source": 22,
            "target": 5
        },
        {
            "source": 10,
            "target": 30
        },
        {
            "source": 1,
            "target": 34
        },
        {
            "source": 0,
            "target": 36
        },
        {
            "source": 16,
            "target": 27
        },
        {
            "source": 17,
            "target": 2
        },
        {
            "source": 8,
            "target": 39
        },
        {
            "source": 11,
            "target": 18
        },
        {
            "source": 3,
            "target": 33
        },
        {
            "source": 37,
            "target": 12
        }
    ],
    "nodes": [
        {
            "id": 0,
            "x": 0,
            "y": 0
        },
        {
            "id": 1,
            "x": 0,
            "y": 0
        },
        {
            "id": 2,
            "x": 0,
            "y": 0
        },
        {
            "id": 3,
            "x": 0,
            "y": 0
        },
        {
            "id": 4,
            "x": 0,
            "y": 0
        },
        {
            "id": 5,
            "x": 0,
            "y": 0
        },
        {
            "id": 6,
            "x": 0,
            "y": 0
        },
        {
            "id": 7,
            "x": 0,
            "y": 0
        },
        {
            "id": 8,
            "x": 0,
            "y": 0
        },
        {
            "id": 9,
            "x": 0,
            "y": 0
        },
        {
            "id": 10,
            "x": 0,
            "y": 0
        },
        {
            "id": 11,
            "x": 0,
            "y": 0
        },
        {
            "id": 12,
            "x": 0,
            "y": 0
        },
        {
            "id": 13,
            "x": 0,
            "y": 0
        },
        {
            "id": 14,
            "x": 0,
            "y": 0
        },
        {
            "id": 15,
            "x": 0,
            "y": 0
        },
        {
            "id": 16,
            "x": 0,
            "y": 0
        },
        {
            "id": 17,
            "x": 0,
            "y": 0
        },
        {
            "id": 18,
            "x": 0,
            "y": 0
        },
        {
            "id": 19,
            "x": 0,
            "y": 0
        },
        {
            "id": 20,
            "x": 0,
            "y": 0
        },
        {
            "id": 21,
            "x": 0,
            "y": 0
        },
        {
            "id": 22,
            "x": 0,
            "y": 0
        },
        {
            "id": 23,
            "x": 0,
            "y": 0
        },
        {
            "id": 24,
            "x": 0,
            "y": 0
        },
        {
            "id": 25,
            "x": 0,
            "y": 0
        },
        {
            "id": 26,
            "x": 0,
            "y": 0
        },
        {
            "id": 27,
            "x": 0,
            "y": 0
        },
        {
            "id": 28,
            "x": 0,
            "y": 0
        },
        {
            "id": 29,
            "x": 0,
            "y": 0
        },
        {
            "id": 30,
            "x": 0,
            "y": 0
        },
        {
            "id": 31,
            "x": 0,
            "y": 0
        },
        {
            "id": 32,
            "x": 0,
            "y": 0
        },
        {
            "id": 33,
            "x": 0,
            "y": 0
        },
        {
            "id": 34,
            "x": 0,
            "y": 0
        },
        {
            "id": 35,
            "x": 0,
            "y": 0
        },
        {
            "id": 36,
            "x": 0,
            "y": 0
        },
        {
            "id": 37,
            "x": 0,
            "y": 0
        },
        {
            "id": 38,
            "x": 0,
            "y": 0
        },
        {
            "id": 39,
            "x": 0,
            "y": 0
        }
    ],
    "points": [
        {
            "id": 0,
            "x": 18,
            "y": 19
        },
        {
            "id": 1,
            "x": 39,
            "y": 19
        },
        {
            "id": 2,
            "x": 6,
            "y": 33
        },
        {
            "id": 3,
            "x": 29,
            "y": 28
        },
        {
            "id": 4,
            "x": 18,
            "y": 4
        },
        {
            "id": 5,
            "x": 26,
            "y": 20
        },
        {
            "id": 6,
            "x": 39,
            "y": 20
        },
        {
            "id": 7,
            "x": 33,
            "y": 24
        },
        {
            "id": 8,
            "x": 39,
            "y": 35
        },
        {
            "id": 9,
            "x": 8,
            "y": 29
        },
        {
            "id": 10,
            "x": 7,
            "y": 18
        },
        {
            "id": 11,
            "x": 29,
            "y": 17
        },
        {
            "id": 12,
            "x": 25,
            "y": 50
        },
        {
            "id": 13,
            "x": 43,
            "y": 13
        },
        {
            "id": 14,
            "x": 26,
            "y": 50
        },
        {
            "id": 15,
            "x": 26,
            "y": 28
        },
        {
            "id": 16,
            "x": 8,
            "y": 24
        },
        {
            "id": 17,
            "x": 25,
            "y": 4
        },
        {
            "id": 18,
            "x": 17,
            "y": 20
        },
        {
            "id": 19,
            "x": 32,
            "y": 12
        },
        {
            "id": 20,
            "x": 11,
            "y": 4
        },
        {
            "id": 21,
            "x": 14,
            "y": 18
        },
        {
            "id": 22,
            "x": 37,
            "y": 16
        },
        {
            "id": 23,
            "x": 27,
            "y": 50
        },
        {
            "id": 24,
            "x": 17,
            "y": 33
        },
        {
            "id": 25,
            "x": 33,
            "y": 16
        },
        {
            "id": 26,
            "x": 24,
            "y": 50
        },
        {
            "id": 27,
            "x": 26,
            "y": 26
        },
        {
            "id": 28,
            "x": 19,
            "y": 31
        },
        {
            "id": 29,
            "x": 26,
            "y": 31
        },
        {
            "id": 30,
            "x": 37,
            "y": 20
        },
        {
            "id": 31,
            "x": 13,
            "y": 16
        },
        {
            "id": 32,
            "x": 9,
            "y": 17
        },
        {
            "id": 33,
            "x": 26,
            "y": 35
        },
        {
            "id": 34,
            "x": 19,
            "y": 22
        },
        {
            "id": 35,
            "x": 29,
            "y": 10
        },
        {
            "id": 36,
            "x": 33,
            "y": 22
        },
        {
            "id": 37,
            "x": 29,
            "y": 35
        },
        {
            "id": 38,
            "x": 6,
            "y": 21
        },
        {
            "id": 39,
            "x": 21,
            "y": 36
        },
        {
            "id": 40,
            "x": 29,
            "y": 6
        },
        {
            "id": 41,
            "x": 29,
            "y": 22
        },
        {
            "id": 42,
            "x": 31,
            "y": 5
        },
        {
            "id": 43,
            "x": 22,
            "y": 2
        },
        {
            "id": 44,
            "x": 15,
            "y": 13
        },
        {
            "id": 45,
            "x": 10,
            "y": 22
        },
        {
            "id": 46,
            "x": 24,
            "y": 0
        },
        {
            "id": 47,
            "x": 21,
            "y": 42
        },
        {
            "id": 48,
            "x": 35,
            "y": 46
        },
        {
            "id": 49,
            "x": 27,
            "y": 30
        },
        {
            "id": 50,
            "x": 14,
            "y": 50
        },
        {
            "id": 51,
            "x": 3,
            "y": 48
        },
        {
            "id": 52,
            "x": 8,
            "y": 15
        },
        {
            "id": 53,
            "x": 24,
            "y": 2
        },
        {
            "id": 54,
            "x": 16,
            "y": 19
        },
        {
            "id": 55,
            "x": 0,
            "y": 21
        },
        {
            "id": 56,
            "x": 20,
            "y": 49
        },
        {
            "id": 57,
            "x": 26,
            "y": 3
        },
        {
            "id": 58,
            "x": 27,
            "y": 26
        },
        {
            "id": 59,
            "x": 24,
            "y": 48
        },
        {
            "id": 60,
            "x": 43,
            "y": 40
        },
        {
            "id": 61,
            "x": 1,
            "y": 10
        },
        {
            "id": 62,
            "x": 19,
            "y": 19
        },
        {
            "id": 63,
            "x": 43,
            "y": 5
        },
        {
            "id": 64,
            "x": 25,
            "y": 42
        },
        {
            "id": 65,
            "x": 3,
            "y": 47
        },
        {
            "id": 66,
            "x": 17,
            "y": 13
        },
        {
            "id": 67,
            "x": 2,
            "y": 8
        },
        {
            "id": 68,
            "x": 20,
            "y": 16
        },
        {
            "id": 69,
            "x": 8,
            "y": 38
        },
        {
            "id": 70,
            "x": 14,
            "y": 3
        },
        {
            "id": 71,
            "x": 11,
            "y": 45
        },
        {
            "id": 72,
            "x": 39,
            "y": 3
        },
        {
            "id": 73,
            "x": 29,
            "y": 46
        },
        {
            "id": 74,
            "x": 21,
            "y": 46
        },
        {
            "id": 75,
            "x": 0,
            "y": 36
        },
        {
            "id": 76,
            "x": 41,
            "y": 29
        },
        {
            "id": 77,
            "x": 36,
            "y": 20
        },
        {
            "id": 78,
            "x": 13,
            "y": 23
        },
        {
            "id": 79,
            "x": 10,
            "y": 27
        },
        {
            "id": 80,
            "x": 22,
            "y": 6
        },
        {
            "id": 81,
            "x": 2,
            "y": 29
        },
        {
            "id": 82,
            "x": 0,
            "y": 6
        },
        {
            "id": 83,
            "x": 26,
            "y": 49
        },
        {
            "id": 84,
            "x": 11,
            "y": 43
        },
        {
            "id": 85,
            "x": 23,
            "y": 22
        },
        {
            "id": 86,
            "x": 38,
            "y": 40
        },
        {
            "id": 87,
            "x": 24,
            "y": 1
        },
        {
            "id": 88,
            "x": 2,
            "y": 34
        },
        {
            "id": 89,
            "x": 10,
            "y": 20
        },
        {
            "id": 90,
            "x": 29,
            "y": 43
        },
        {
            "id": 91,
            "x": 19,
            "y": 4
        },
        {
            "id": 92,
            "x": 3,
            "y": 16
        },
        {
            "id": 93,
            "x": 43,
            "y": 15
        },
        {
            "id": 94,
            "x": 33,
            "y": 13
        },
        {
            "id": 95,
            "x": 5,
            "y": 45
        },
        {
            "id": 96,
            "x": 38,
            "y": 14
        },
        {
            "id": 97,
            "x": 32,
            "y": 0
        },
        {
            "id": 98,
            "x": 23,
            "y": 12
        },
        {
            "id": 99,
            "x": 18,
            "y": 15
        },
        {
            "id": 100,
            "x": 27,
            "y": 38
        },
        {
            "id": 101,
            "x": 42,
            "y": 46
        },
        {
            "id": 102,
            "x": 17,
            "y": 3
        },
        {
            "id": 103,
            "x": 42,
            "y": 47
        },
        {
            "id": 104,
            "x": 3,
            "y": 20
        },
        {
            "id": 105,
            "x": 38,
            "y": 16
        },
        {
            "id": 106,
            "x": 38,
            "y": 46
        },
        {
            "id": 107,
            "x": 22,
            "y": 50
        },
        {
            "id": 108,
            "x": 31,
            "y": 39
        },
        {
            "id": 109,
            "x": 13,
            "y": 48
        },
        {
            "id": 110,
            "x": 42,
            "y": 10
        },
        {
            "id": 111,
            "x": 33,
            "y": 4
        },
        {
            "id": 112,
            "x": 24,
            "y": 26
        },
        {
            "id": 113,
            "x": 1,
            "y": 49
        },
        {
            "id": 114,
            "x": 26,
            "y": 16
        },
        {
            "id": 115,
            "x": 33,
            "y": 25
        },
        {
            "id": 116,
            "x": 36,
            "y": 11
        },
        {
            "id": 117,
            "x": 1,
            "y": 15
        },
        {
            "id": 118,
            "x": 3,
            "y": 41
        },
        {
            "id": 119,
            "x": 7,
            "y": 13
        }
    ]
}
